Member_number,Cluster
1000,1
1001,0
1002,0
1003,0
1004,1
1005,0
1006,1
1008,1
1009,0
1010,1
1011,1
1012,0
1013,1
1014,0
1015,0
1016,0
1017,1
1018,0
1019,0
1020,0
1021,0
1022,0
1023,1
1024,0
1025,0
1026,1
1027,0
1028,1
1029,0
1031,0
1032,1
1033,1
1034,0
1035,1
1036,0
1037,0
1038,1
1039,0
1040,0
1041,0
1042,0
1043,0
1044,0
1045,0
1046,0
1047,0
1048,0
1049,0
1050,0
1051,1
1052,1
1053,1
1054,0
1055,0
1056,0
1057,0
1058,0
1059,0
1061,1
1062,1
1063,0
1064,0
1065,1
1066,0
1067,0
1068,0
1069,0
1070,0
1071,0
1072,0
1073,0
1074,0
1075,0
1076,0
1077,1
1078,0
1079,0
1080,0
1081,1
1082,0
1083,0
1084,0
1085,0
1086,1
1087,1
1088,0
1089,0
1090,1
1092,1
1093,0
1094,1
1095,0
1096,0
1097,1
1098,1
1099,0
1100,0
1101,0
1102,0
1103,0
1104,0
1105,0
1107,1
1108,0
1109,1
1110,1
1111,1
1112,0
1113,0
1114,1
1115,0
1116,1
1117,0
1118,1
1119,0
1120,1
1121,0
1122,0
1123,1
1124,0
1125,1
1126,0
1127,1
1128,0
1129,1
1130,0
1132,0
1133,1
1134,0
1135,0
1136,1
1137,0
1138,0
1139,0
1140,0
1141,0
1142,0
1143,0
1144,1
1145,0
1146,1
1147,0
1148,1
1149,0
1150,0
1151,0
1152,0
1153,1
1154,0
1155,0
1156,0
1157,0
1158,0
1159,0
1160,1
1161,0
1162,1
1163,0
1164,0
1165,0
1166,0
1167,0
1168,0
1169,1
1170,1
1171,0
1173,0
1174,1
1175,1
1176,1
1177,0
1178,1
1179,0
1180,0
1181,0
1182,1
1183,1
1184,0
1185,0
1186,0
1187,0
1188,0
1189,0
1190,1
1191,0
1192,0
1193,0
1194,0
1195,0
1196,0
1197,1
1198,0
1199,1
1200,0
1201,0
1202,0
1204,1
1205,0
1206,1
1207,0
1208,1
1209,0
1211,1
1212,0
1213,1
1214,0
1215,0
1216,1
1217,0
1218,1
1219,0
1220,1
1221,0
1222,0
1223,0
1224,0
1225,1
1226,1
1227,0
1228,0
1229,0
1230,1
1231,1
1232,0
1233,1
1234,0
1235,1
1236,0
1237,1
1238,0
1239,1
1240,1
1241,0
1242,1
1243,0
1244,0
1245,1
1246,0
1247,0
1248,1
1249,0
1250,0
1251,0
1252,0
1253,0
1254,0
1255,0
1256,1
1257,0
1258,0
1259,1
1260,0
1261,0
1262,0
1263,0
1264,1
1265,1
1266,0
1267,0
1268,0
1269,1
1270,0
1272,0
1273,0
1274,0
1275,1
1276,0
1277,1
1278,1
1279,1
1280,0
1281,0
1282,0
1283,1
1284,0
1285,1
1286,1
1287,1
1288,0
1289,0
1290,0
1291,1
1292,0
1293,0
1294,1
1295,0
1296,1
1297,0
1298,0
1299,0
1300,0
1301,0
1302,0
1303,1
1304,0
1305,1
1306,0
1307,1
1308,0
1309,0
1310,0
1311,0
1312,1
1313,0
1314,0
1315,0
1316,0
1317,0
1318,0
1319,0
1320,0
1321,0
1322,1
1323,0
1324,1
1325,0
1326,0
1327,1
1328,0
1329,1
1330,0
1331,0
1332,1
1333,1
1334,0
1335,0
1336,0
1337,0
1338,0
1339,1
1340,1
1341,1
1342,1
1343,1
1344,0
1345,0
1346,0
1347,1
1348,0
1349,0
1350,0
1351,0
1352,0
1353,1
1354,1
1355,1
1356,0
1357,0
1358,0
1359,0
1360,1
1361,1
1362,0
1363,1
1364,0
1365,0
1366,1
1367,0
1368,0
1369,0
1370,1
1371,0
1372,0
1373,1
1374,0
1375,0
1376,0
1377,0
1378,0
1379,1
1380,1
1381,1
1382,0
1383,0
1384,1
1385,1
1386,0
1387,0
1388,0
1389,0
1390,1
1391,1
1392,0
1393,0
1394,0
1395,1
1396,0
1397,0
1398,0
1399,0
1400,0
1401,0
1402,0
1403,1
1404,1
1405,0
1406,1
1407,1
1408,0
1409,0
1410,1
1411,0
1412,1
1413,0
1414,0
1415,0
1416,1
1417,0
1418,0
1419,1
1420,0
1421,0
1422,1
1423,0
1424,0
1425,0
1426,0
1427,1
1428,1
1429,0
1430,1
1431,0
1432,0
1433,0
1434,0
1435,1
1436,0
1437,0
1438,1
1439,0
1440,1
1442,1
1443,1
1444,1
1445,0
1446,0
1447,0
1448,0
1449,0
1450,1
1451,0
1452,1
1453,0
1454,0
1455,0
1456,1
1457,0
1458,0
1459,0
1460,0
1461,0
1462,0
1463,0
1464,0
1465,1
1466,1
1467,0
1468,1
1469,0
1470,0
1471,0
1472,1
1473,0
1474,1
1475,0
1476,1
1477,1
1478,0
1479,1
1480,1
1481,0
1482,1
1483,1
1484,0
1485,0
1486,1
1487,0
1488,0
1489,1
1490,0
1491,0
1492,0
1493,1
1494,1
1495,0
1496,0
1497,0
1498,0
1499,0
1500,1
1501,0
1502,0
1503,0
1504,1
1505,0
1506,0
1507,1
1508,0
1509,1
1510,1
1511,0
1512,1
1513,0
1514,0
1515,1
1516,0
1517,0
1518,0
1519,0
1520,0
1521,0
1522,1
1523,0
1524,0
1525,0
1526,1
1527,1
1528,0
1529,0
1530,0
1531,0
1532,0
1533,0
1534,1
1535,0
1536,0
1537,0
1538,0
1539,0
1540,1
1542,1
1544,0
1545,0
1546,0
1547,0
1548,0
1549,0
1550,0
1551,1
1552,0
1553,1
1554,1
1555,0
1556,0
1557,0
1558,0
1559,0
1560,0
1561,1
1562,0
1563,0
1564,0
1565,1
1566,1
1567,1
1568,0
1569,0
1570,0
1571,0
1572,1
1573,0
1574,1
1575,0
1577,0
1578,0
1579,0
1580,1
1581,0
1582,0
1583,1
1584,1
1585,0
1586,0
1587,1
1588,0
1589,0
1590,0
1591,0
1592,0
1593,0
1594,0
1595,1
1596,0
1597,0
1598,0
1599,1
1601,0
1602,1
1603,1
1604,0
1605,1
1606,0
1607,0
1608,1
1609,1
1610,0
1611,0
1612,1
1613,1
1614,0
1615,0
1616,1
1617,0
1618,1
1619,0
1620,0
1621,1
1622,0
1623,1
1624,0
1625,1
1626,0
1627,0
1628,1
1629,0
1630,0
1631,0
1632,1
1633,0
1634,1
1635,0
1636,0
1638,0
1639,0
1640,0
1641,1
1642,0
1643,0
1644,0
1645,0
1646,1
1647,0
1648,0
1649,1
1650,0
1651,1
1652,1
1653,1
1654,1
1655,0
1656,1
1657,0
1658,1
1659,1
1660,0
1661,1
1662,0
1663,0
1664,0
1665,0
1666,0
1667,0
1668,0
1669,1
1670,0
1672,0
1673,0
1674,1
1676,0
1677,1
1678,0
1679,0
1680,0
1681,0
1682,1
1683,0
1684,0
1685,0
1686,0
1687,1
1688,0
1689,0
1690,1
1692,1
1693,1
1694,0
1695,0
1696,1
1697,1
1698,0
1699,0
1700,0
1701,0
1702,1
1703,1
1705,0
1706,1
1707,0
1708,1
1709,0
1710,0
1711,1
1712,0
1714,0
1715,1
1716,0
1717,0
1718,0
1719,1
1720,0
1721,0
1722,1
1723,0
1724,1
1725,0
1726,1
1727,0
1728,0
1729,1
1730,0
1731,0
1732,0
1733,1
1734,1
1735,0
1736,1
1737,1
1738,0
1739,0
1740,1
1741,1
1742,0
1743,1
1744,0
1745,0
1746,0
1747,0
1748,1
1749,0
1750,1
1751,0
1752,0
1753,1
1754,1
1755,0
1756,0
1757,1
1758,1
1759,1
1760,0
1761,1
1762,0
1763,0
1764,0
1765,0
1766,0
1767,1
1768,1
1769,0
1770,0
1771,0
1772,0
1773,0
1774,1
1775,0
1776,1
1777,1
1778,0
1779,0
1780,1
1781,0
1782,1
1783,1
1784,0
1785,1
1786,0
1787,1
1788,1
1789,0
1790,0
1791,0
1792,1
1793,1
1794,0
1795,0
1796,1
1797,1
1798,1
1799,0
1800,1
1801,1
1803,0
1804,0
1805,0
1806,0
1807,0
1808,0
1809,0
1810,1
1811,1
1812,0
1813,0
1814,1
1815,1
1816,0
1817,1
1818,0
1819,1
1820,0
1821,0
1822,0
1823,0
1824,0
1825,1
1826,0
1827,1
1828,0
1829,0
1830,0
1831,0
1832,1
1833,0
1834,0
1835,0
1836,0
1837,1
1838,0
1839,0
1840,0
1841,0
1842,0
1843,0
1844,1
1845,0
1846,1
1847,0
1848,0
1849,0
1850,0
1851,0
1852,0
1853,0
1854,0
1855,1
1856,0
1857,0
1858,0
1859,0
1860,0
1861,0
1862,1
1863,1
1864,0
1865,1
1866,1
1867,0
1868,0
1869,0
1870,1
1871,0
1872,0
1873,0
1874,0
1875,0
1876,0
1877,0
1878,1
1879,0
1880,0
1881,0
1882,0
1883,0
1884,1
1885,0
1886,0
1887,1
1888,1
1889,1
1890,0
1891,0
1892,1
1893,0
1894,1
1895,1
1896,1
1897,0
1898,0
1899,1
1900,0
1901,1
1902,0
1903,0
1904,0
1905,1
1907,0
1908,1
1909,0
1910,0
1911,0
1912,0
1913,1
1914,0
1915,0
1916,0
1917,0
1918,0
1919,0
1920,0
1921,1
1922,1
1923,0
1924,1
1925,0
1926,0
1927,0
1928,0
1929,1
1930,1
1931,1
1932,1
1933,0
1934,1
1935,0
1936,0
1937,0
1938,0
1939,1
1940,0
1941,0
1942,0
1943,1
1944,0
1945,1
1946,1
1947,0
1948,1
1949,1
1950,0
1951,0
1952,0
1953,0
1954,1
1955,0
1956,0
1957,0
1958,0
1959,1
1960,0
1961,1
1962,0
1963,0
1964,0
1965,0
1966,1
1967,1
1968,0
1969,1
1970,0
1971,0
1972,0
1973,0
1974,0
1975,0
1976,0
1977,0
1978,0
1979,1
1980,0
1981,0
1982,0
1983,1
1985,0
1987,0
1988,0
1989,0
1990,0
1991,1
1992,0
1993,0
1994,0
1995,1
1996,0
1997,1
1998,1
1999,1
2000,0
2001,1
2002,0
2003,0
2004,1
2005,1
2006,0
2007,0
2008,0
2009,0
2010,0
2011,1
2012,0
2013,0
2014,1
2015,0
2016,0
2017,1
2018,1
2019,1
2020,0
2021,0
2022,1
2023,0
2024,0
2025,0
2026,0
2027,0
2028,1
2029,1
2030,0
2031,1
2032,0
2033,0
2034,0
2035,0
2036,0
2037,0
2038,0
2039,0
2040,1
2041,1
2042,1
2043,1
2044,0
2045,1
2046,0
2047,1
2048,1
2049,0
2050,0
2051,1
2053,0
2054,1
2055,1
2056,1
2057,0
2058,1
2059,0
2060,0
2061,0
2062,0
2063,1
2064,0
2065,1
2066,1
2067,0
2068,1
2069,0
2070,1
2071,0
2072,1
2073,0
2074,1
2075,0
2076,0
2077,1
2078,0
2079,1
2080,0
2081,0
2082,0
2083,1
2084,0
2085,0
2086,1
2087,0
2088,0
2089,1
2091,1
2092,1
2093,1
2094,0
2095,0
2096,0
2097,0
2098,0
2100,1
2101,0
2102,1
2103,0
2104,0
2105,0
2106,1
2107,1
2108,0
2109,0
2110,0
2111,0
2112,0
2113,0
2114,0
2115,0
2116,0
2117,1
2118,0
2119,0
2120,1
2121,0
2122,0
2123,0
2125,0
2126,0
2127,1
2128,1
2129,1
2131,1
2132,1
2133,1
2134,0
2135,0
2136,0
2137,0
2138,1
2139,0
2140,0
2141,0
2142,1
2143,0
2144,0
2145,0
2146,0
2147,0
2148,0
2149,0
2151,1
2152,0
2153,0
2154,1
2155,0
2156,1
2157,0
2158,1
2159,0
2160,0
2161,0
2162,0
2164,1
2165,1
2166,1
2167,0
2168,0
2169,0
2170,0
2171,1
2172,0
2173,0
2174,0
2175,1
2176,1
2177,0
2178,0
2179,0
2180,0
2181,0
2183,0
2184,1
2185,0
2186,1
2187,0
2188,0
2190,0
2191,0
2192,0
2193,1
2194,1
2195,0
2196,1
2197,0
2198,0
2199,0
2200,0
2201,1
2202,1
2203,0
2204,1
2205,0
2206,0
2207,0
2208,0
2209,1
2210,1
2211,1
2212,1
2213,0
2214,0
2215,1
2216,0
2217,0
2218,1
2219,0
2220,0
2221,0
2222,1
2225,0
2226,1
2227,0
2228,0
2229,1
2230,1
2231,1
2232,1
2233,0
2234,1
2235,1
2236,1
2237,0
2238,1
2239,0
2240,1
2241,0
2242,1
2243,0
2244,1
2245,0
2246,0
2247,0
2248,0
2249,0
2250,0
2251,1
2252,1
2253,0
2254,1
2255,0
2256,0
2257,0
2258,0
2259,0
2260,0
2261,1
2262,0
2263,0
2264,0
2265,1
2266,0
2267,1
2269,0
2270,1
2271,1
2272,1
2273,1
2274,1
2275,0
2276,0
2277,0
2278,0
2279,0
2280,0
2281,0
2282,0
2283,0
2284,1
2285,0
2286,0
2287,0
2288,1
2289,1
2290,1
2291,1
2292,0
2293,1
2294,1
2295,0
2296,0
2297,0
2298,1
2299,0
2300,0
2301,0
2302,0
2303,0
2304,0
2305,0
2306,1
2307,0
2308,0
2309,0
2310,1
2311,1
2312,0
2313,0
2314,0
2315,1
2316,0
2318,0
2319,0
2320,0
2321,1
2322,0
2323,0
2324,0
2325,1
2326,0
2327,0
2328,0
2329,0
2330,0
2331,1
2332,1
2334,0
2335,0
2336,0
2337,1
2338,0
2339,1
2340,1
2341,1
2342,0
2343,0
2344,1
2345,0
2346,1
2347,0
2348,1
2349,1
2350,0
2351,0
2352,0
2353,0
2354,0
2355,1
2356,1
2357,1
2358,0
2359,1
2360,0
2361,0
2362,1
2363,0
2364,1
2365,1
2366,1
2368,0
2369,0
2370,1
2371,0
2372,0
2373,0
2374,1
2375,0
2376,0
2377,0
2378,0
2379,0
2380,1
2381,1
2383,1
2384,0
2386,0
2387,0
2388,0
2389,1
2390,1
2391,1
2392,0
2393,1
2394,1
2395,0
2396,0
2397,0
2398,0
2399,1
2400,0
2401,0
2402,0
2403,1
2404,0
2406,1
2407,0
2408,1
2410,1
2411,0
2412,0
2413,1
2414,0
2415,1
2416,0
2417,0
2419,0
2420,0
2421,1
2422,1
2423,0
2424,0
2425,0
2426,1
2427,0
2428,1
2429,0
2430,1
2431,1
2432,1
2433,1
2434,0
2435,0
2436,0
2437,1
2438,0
2439,0
2440,1
2441,1
2442,0
2443,1
2444,0
2445,0
2446,0
2447,1
2448,1
2449,0
2450,0
2451,0
2452,0
2453,1
2454,1
2455,0
2456,0
2457,0
2458,0
2459,1
2460,0
2461,0
2462,0
2463,0
2464,0
2465,1
2466,0
2467,0
2468,0
2469,1
2470,1
2471,0
2472,0
2473,0
2474,0
2475,1
2476,0
2477,0
2478,0
2479,0
2480,1
2481,0
2482,0
2483,0
2484,1
2485,0
2486,0
2487,0
2488,0
2489,0
2490,0
2492,1
2493,0
2494,1
2495,1
2496,0
2497,0
2499,1
2500,0
2501,0
2502,1
2503,0
2504,0
2505,1
2506,0
2507,1
2508,0
2509,0
2510,1
2511,1
2512,1
2513,1
2514,0
2515,1
2516,0
2517,1
2518,1
2519,1
2520,0
2521,0
2522,0
2523,1
2524,1
2525,1
2526,0
2527,0
2528,0
2530,0
2531,0
2532,1
2533,0
2534,1
2535,1
2536,0
2537,0
2538,0
2539,0
2540,1
2541,0
2542,0
2543,0
2544,0
2545,0
2546,0
2547,1
2548,0
2549,1
2550,1
2551,0
2552,1
2553,1
2555,1
2556,0
2557,0
2558,0
2559,0
2560,1
2561,0
2562,0
2563,1
2564,0
2565,0
2566,0
2567,0
2568,1
2569,0
2570,0
2571,0
2572,0
2573,1
2574,0
2575,0
2576,0
2577,0
2578,1
2579,0
2580,0
2581,0
2582,0
2583,0
2584,1
2585,0
2586,0
2587,1
2588,0
2589,1
2590,0
2591,0
2592,1
2593,0
2594,0
2595,1
2597,1
2598,0
2599,1
2600,1
2601,1
2602,1
2603,0
2604,1
2605,0
2606,0
2607,0
2608,0
2609,0
2610,0
2611,0
2612,1
2613,1
2614,0
2615,0
2616,0
2617,1
2618,1
2619,0
2620,0
2621,0
2622,0
2623,0
2624,0
2625,1
2626,0
2627,0
2628,0
2629,1
2630,0
2631,0
2632,1
2633,1
2634,0
2635,0
2636,0
2637,0
2638,0
2639,0
2640,0
2641,1
2642,0
2643,1
2644,0
2645,1
2646,0
2648,0
2649,0
2650,1
2651,0
2652,1
2653,1
2654,1
2655,0
2656,0
2657,0
2658,0
2659,1
2660,0
2661,0
2662,0
2663,1
2664,0
2665,0
2666,1
2667,0
2668,0
2669,0
2670,0
2671,0
2672,1
2673,0
2674,0
2675,0
2676,1
2677,0
2678,1
2679,0
2680,0
2681,0
2682,0
2683,0
2684,0
2685,1
2686,0
2687,1
2688,1
2689,1
2690,1
2691,0
2692,0
2693,0
2694,1
2695,0
2696,1
2697,0
2698,0
2699,0
2700,0
2701,1
2702,0
2703,0
2704,0
2705,0
2706,1
2707,1
2708,0
2709,0
2710,0
2711,1
2712,1
2713,0
2714,0
2715,1
2716,1
2717,0
2718,1
2719,1
2720,0
2721,0
2722,0
2723,0
2724,0
2725,0
2726,0
2727,0
2728,0
2729,1
2730,1
2731,0
2732,0
2733,0
2734,0
2735,0
2736,1
2737,0
2738,1
2739,0
2740,0
2741,0
2742,0
2743,1
2744,0
2745,1
2746,1
2747,1
2748,0
2749,0
2750,0
2751,1
2752,0
2753,0
2754,0
2755,1
2756,0
2757,0
2758,1
2759,0
2760,1
2761,1
2762,0
2763,0
2764,1
2765,1
2766,0
2767,0
2768,0
2769,1
2770,0
2771,0
2772,1
2773,0
2774,0
2775,0
2776,0
2777,0
2778,0
2779,1
2780,0
2781,1
2782,0
2783,0
2784,1
2785,1
2786,0
2787,1
2788,0
2789,1
2790,0
2791,0
2792,1
2794,1
2795,1
2796,1
2797,0
2798,0
2799,1
2800,0
2801,0
2802,0
2803,1
2804,0
2805,0
2806,0
2807,0
2808,0
2809,0
2810,1
2811,1
2812,0
2813,1
2814,1
2815,0
2816,1
2817,0
2818,0
2820,0
2822,0
2823,0
2824,0
2825,0
2826,0
2827,0
2828,0
2829,0
2830,0
2831,0
2832,1
2833,0
2834,0
2835,1
2836,0
2837,1
2838,0
2839,0
2840,1
2841,0
2842,0
2843,0
2844,0
2845,0
2846,0
2847,1
2848,0
2849,1
2850,0
2851,1
2852,0
2853,0
2854,1
2855,1
2856,0
2857,1
2858,0
2859,0
2860,1
2861,0
2862,0
2863,0
2864,0
2865,0
2866,0
2867,1
2868,1
2869,1
2870,1
2871,0
2872,0
2873,1
2874,1
2875,0
2876,1
2877,0
2878,0
2879,1
2880,0
2881,0
2882,0
2883,1
2884,0
2885,1
2886,0
2887,0
2888,0
2889,0
2890,0
2891,0
2892,0
2893,0
2894,0
2895,0
2897,0
2898,0
2899,1
2900,1
2901,0
2902,0
2903,1
2904,0
2905,0
2906,0
2907,1
2908,0
2909,1
2910,1
2911,0
2912,1
2913,0
2914,0
2915,0
2916,1
2917,0
2918,1
2919,0
2920,0
2921,0
2922,0
2923,0
2924,0
2925,1
2926,0
2927,0
2928,0
2929,0
2930,1
2931,0
2932,1
2933,0
2934,0
2935,0
2936,0
2937,1
2938,0
2939,0
2940,0
2941,1
2942,1
2943,0
2944,1
2945,0
2946,1
2947,0
2948,0
2949,0
2950,1
2951,0
2952,1
2953,0
2954,0
2955,1
2956,1
2957,1
2958,1
2960,1
2961,1
2962,0
2963,0
2964,0
2965,0
2966,0
2967,0
2968,0
2969,0
2970,0
2971,0
2972,0
2973,1
2974,0
2975,1
2976,0
2977,1
2978,1
2979,0
2980,0
2981,0
2982,1
2983,0
2984,0
2985,0
2986,1
2987,0
2988,0
2989,0
2990,1
2991,1
2992,0
2993,1
2994,0
2995,0
2996,1
2997,1
2998,0
2999,0
3000,0
3001,0
3002,1
3003,0
3004,0
3005,1
3006,0
3007,0
3008,0
3009,1
3010,1
3011,0
3012,0
3013,1
3014,1
3015,0
3016,0
3017,0
3018,0
3019,0
3020,0
3021,0
3022,0
3023,0
3024,0
3025,0
3026,1
3027,0
3028,1
3029,0
3030,0
3031,1
3032,0
3033,0
3034,1
3035,1
3036,1
3037,0
3038,1
3039,0
3040,0
3041,1
3042,1
3043,0
3044,1
3045,1
3046,1
3047,0
3048,1
3049,0
3050,1
3051,1
3052,0
3053,0
3054,1
3055,0
3056,0
3057,0
3058,0
3059,0
3060,0
3061,0
3062,1
3063,0
3064,0
3065,0
3066,0
3067,0
3068,0
3069,0
3071,1
3072,1
3073,0
3074,0
3075,0
3076,0
3077,1
3078,0
3079,0
3080,0
3081,1
3082,1
3083,0
3084,1
3085,0
3086,1
3087,0
3088,0
3089,0
3090,1
3092,0
3093,0
3094,1
3095,1
3096,0
3097,0
3098,0
3099,1
3100,1
3101,1
3102,0
3103,0
3104,1
3105,0
3106,0
3107,1
3108,0
3109,0
3110,0
3111,1
3112,0
3113,1
3115,1
3116,1
3117,1
3118,0
3119,1
3120,1
3122,1
3123,0
3124,0
3125,0
3126,0
3127,0
3128,1
3129,0
3130,0
3131,0
3132,0
3133,0
3134,0
3135,0
3136,0
3137,1
3138,1
3139,1
3140,1
3141,1
3142,0
3143,0
3144,1
3145,0
3146,0
3147,0
3148,0
3149,0
3150,0
3151,0
3152,0
3153,1
3154,1
3155,0
3156,0
3157,0
3158,0
3159,0
3160,0
3161,0
3162,0
3163,0
3164,1
3165,1
3166,1
3167,0
3168,1
3169,0
3170,1
3171,0
3172,0
3173,0
3174,0
3175,1
3176,1
3177,0
3178,1
3179,0
3180,1
3181,1
3182,1
3183,0
3184,1
3185,0
3186,0
3188,0
3189,1
3190,1
3191,0
3193,1
3194,1
3195,0
3196,0
3197,0
3198,0
3199,0
3200,0
3201,1
3202,0
3203,0
3204,0
3205,1
3206,0
3207,1
3208,1
3209,0
3210,0
3211,0
3212,0
3213,0
3214,1
3215,0
3216,0
3217,0
3218,0
3219,0
3220,0
3221,1
3222,0
3223,0
3224,1
3225,1
3226,0
3227,1
3228,0
3229,1
3230,0
3231,0
3232,1
3233,0
3234,0
3235,0
3236,0
3237,1
3238,0
3239,0
3240,0
3241,0
3242,0
3243,0
3244,0
3245,1
3246,1
3247,1
3248,1
3249,0
3250,0
3251,1
3252,1
3253,0
3254,0
3255,1
3256,0
3257,0
3258,1
3259,0
3260,0
3262,1
3263,0
3264,0
3265,0
3266,1
3267,0
3268,1
3269,0
3270,0
3271,0
3272,0
3273,0
3275,0
3276,1
3277,0
3278,0
3279,0
3280,0
3281,0
3282,1
3283,0
3284,1
3285,0
3286,0
3287,1
3288,0
3289,1
3290,0
3291,0
3292,0
3293,0
3294,1
3295,0
3296,1
3297,1
3298,0
3299,0
3300,0
3301,0
3302,0
3303,0
3304,0
3305,0
3306,1
3307,1
3308,1
3309,1
3310,0
3311,0
3312,0
3313,0
3314,0
3315,1
3316,0
3317,0
3318,0
3319,0
3320,0
3321,1
3322,1
3323,1
3324,0
3325,1
3326,0
3327,1
3328,0
3329,0
3330,0
3331,0
3332,0
3333,0
3334,0
3335,0
3336,0
3337,1
3338,0
3339,0
3341,0
3342,0
3343,0
3344,1
3345,0
3346,0
3347,1
3348,1
3349,0
3350,0
3351,0
3352,0
3353,1
3354,1
3355,0
3356,1
3357,0
3358,1
3359,0
3360,0
3361,1
3362,0
3363,1
3364,1
3365,1
3366,0
3367,0
3368,0
3369,1
3370,0
3372,0
3373,0
3374,0
3375,0
3376,0
3377,0
3378,0
3379,0
3380,1
3381,0
3382,0
3383,0
3384,0
3385,0
3386,0
3387,0
3389,1
3390,0
3391,0
3393,1
3394,0
3395,0
3396,1
3397,0
3398,0
3399,1
3400,1
3401,0
3402,1
3403,0
3404,0
3405,1
3406,0
3407,0
3408,0
3409,1
3410,1
3411,0
3412,0
3413,0
3414,1
3415,0
3416,1
3417,0
3418,0
3419,0
3420,0
3421,0
3422,0
3423,0
3424,0
3425,0
3426,0
3427,0
3428,0
3429,1
3430,1
3431,0
3432,0
3433,0
3434,0
3435,0
3436,0
3437,1
3438,1
3439,1
3440,0
3441,0
3442,1
3443,0
3444,0
3445,0
3447,1
3448,0
3449,0
3450,1
3451,0
3452,0
3453,0
3454,0
3455,0
3456,1
3457,0
3458,0
3459,0
3460,1
3461,0
3462,1
3463,0
3464,0
3465,1
3466,0
3467,1
3468,0
3469,1
3470,0
3471,0
3472,1
3473,0
3474,1
3475,0
3476,1
3477,0
3478,0
3479,0
3480,0
3481,1
3482,0
3483,1
3484,1
3485,0
3486,1
3487,1
3488,0
3489,1
3490,0
3491,1
3493,0
3494,0
3495,1
3496,0
3497,1
3498,0
3499,1
3500,1
3501,0
3502,0
3503,0
3504,1
3505,1
3507,1
3508,1
3509,1
3510,0
3511,1
3512,0
3513,0
3514,0
3515,1
3516,0
3517,1
3518,1
3519,1
3520,0
3521,0
3522,0
3523,1
3524,1
3525,0
3526,0
3527,0
3528,0
3529,1
3530,0
3531,1
3532,0
3533,0
3534,0
3535,1
3536,0
3537,1
3538,0
3539,1
3540,0
3541,0
3542,0
3543,1
3544,0
3545,0
3546,0
3547,1
3548,1
3549,1
3550,0
3551,0
3552,1
3553,0
3554,0
3555,0
3556,0
3557,0
3558,1
3559,1
3560,1
3561,0
3562,1
3563,0
3564,0
3565,0
3566,0
3567,0
3568,0
3569,0
3570,0
3571,1
3572,0
3573,0
3574,1
3575,0
3576,0
3577,0
3578,0
3579,1
3580,0
3581,1
3582,1
3583,1
3584,1
3585,0
3586,0
3587,1
3588,1
3589,1
3590,1
3591,0
3592,1
3593,1
3594,0
3595,1
3596,1
3597,0
3598,0
3599,0
3600,1
3601,0
3602,0
3603,1
3604,1
3605,0
3606,0
3607,0
3608,1
3609,0
3610,0
3611,0
3612,1
3613,1
3614,0
3615,0
3616,0
3617,1
3618,0
3619,0
3620,1
3621,1
3622,0
3623,0
3624,0
3625,0
3626,0
3627,0
3628,0
3629,1
3630,0
3631,0
3632,0
3633,1
3634,0
3635,1
3636,0
3637,1
3638,0
3639,0
3640,0
3641,0
3642,1
3643,1
3644,0
3645,1
3646,0
3647,0
3648,0
3649,1
3650,0
3651,1
3652,0
3653,1
3654,0
3655,0
3656,0
3657,1
3658,0
3659,0
3660,0
3661,1
3662,0
3663,1
3664,0
3665,0
3666,0
3667,0
3668,1
3669,1
3670,0
3671,0
3672,0
3673,0
3674,0
3675,0
3676,0
3677,1
3678,0
3679,1
3680,0
3681,0
3682,1
3683,1
3684,1
3685,0
3686,0
3687,1
3688,1
3689,0
3690,1
3691,1
3692,1
3693,0
3694,0
3695,0
3696,0
3697,0
3698,0
3699,0
3700,0
3701,0
3703,1
3704,1
3705,0
3706,0
3707,0
3708,0
3709,1
3710,0
3711,0
3712,0
3713,0
3714,0
3715,0
3716,0
3717,0
3718,1
3719,1
3720,0
3721,0
3722,0
3723,0
3724,0
3725,0
3726,0
3727,1
3728,1
3729,0
3730,0
3731,0
3732,1
3733,0
3734,0
3735,0
3736,1
3737,1
3738,0
3739,0
3740,0
3741,1
3742,0
3743,1
3744,1
3745,1
3746,1
3747,0
3748,0
3749,0
3750,0
3751,0
3752,1
3753,0
3754,0
3755,0
3756,0
3757,1
3758,1
3759,0
3760,1
3761,1
3762,0
3763,1
3764,1
3765,0
3766,0
3767,0
3768,1
3769,1
3770,0
3771,0
3772,0
3773,0
3774,0
3775,1
3776,1
3777,0
3778,1
3779,1
3780,0
3781,0
3782,1
3783,1
3784,0
3785,0
3786,0
3787,0
3788,0
3789,1
3790,1
3791,0
3792,0
3793,1
3794,0
3795,0
3796,0
3797,1
3798,0
3799,0
3800,0
3801,0
3802,0
3803,1
3804,0
3805,0
3806,0
3807,0
3808,0
3809,0
3810,0
3811,1
3812,1
3813,0
3814,1
3815,0
3816,0
3817,1
3818,1
3819,0
3820,0
3821,1
3822,1
3823,0
3824,0
3825,0
3826,0
3827,1
3828,0
3829,0
3830,1
3831,1
3832,1
3834,0
3835,1
3836,0
3837,0
3838,0
3839,0
3840,0
3841,1
3842,0
3843,0
3844,1
3845,0
3846,1
3847,1
3848,1
3849,0
3850,0
3851,0
3852,0
3853,0
3854,0
3855,1
3856,1
3857,1
3858,0
3859,0
3860,0
3861,0
3862,1
3863,1
3864,1
3866,0
3867,0
3868,0
3869,0
3870,0
3871,0
3872,1
3874,0
3876,0
3877,1
3878,1
3879,1
3881,1
3882,1
3883,0
3884,0
3885,0
3886,0
3887,0
3888,0
3889,0
3890,0
3891,1
3892,0
3893,1
3894,1
3895,0
3896,1
3897,1
3898,0
3899,1
3900,1
3901,0
3902,0
3903,1
3904,0
3905,1
3906,0
3907,0
3908,0
3909,1
3910,1
3911,1
3912,0
3913,0
3914,0
3915,1
3916,0
3917,1
3918,1
3919,0
3920,0
3921,0
3922,1
3923,0
3924,1
3925,0
3926,1
3927,0
3928,0
3929,0
3930,0
3931,1
3932,0
3933,0
3934,0
3935,0
3936,0
3937,0
3938,1
3939,0
3940,0
3941,0
3942,1
3943,0
3944,0
3945,0
3946,1
3947,0
3948,1
3949,0
3950,1
3952,0
3953,0
3954,0
3955,0
3956,1
3957,1
3958,0
3959,1
3960,1
3961,0
3962,1
3963,1
3964,0
3965,0
3966,0
3967,1
3968,0
3969,0
3970,0
3971,1
3972,1
3973,1
3974,0
3975,0
3976,1
3977,0
3978,0
3979,0
3980,0
3981,0
3982,1
3983,0
3984,0
3985,1
3986,0
3987,0
3989,0
3990,0
3991,0
3992,0
3993,0
3994,0
3995,0
3996,0
3997,0
3998,1
3999,1
4001,0
4002,1
4003,0
4004,0
4005,0
4006,1
4007,1
4008,0
4009,0
4010,0
4011,0
4012,1
4013,0
4014,0
4015,1
4016,0
4017,0
4018,1
4019,1
4020,0
4021,0
4022,0
4023,0
4024,1
4025,1
4027,0
4028,0
4029,0
4030,1
4031,0
4032,0
4033,0
4034,0
4035,0
4036,0
4037,0
4038,1
4039,1
4040,0
4041,0
4042,1
4043,0
4044,0
4045,1
4046,0
4047,0
4048,0
4049,1
4050,0
4051,0
4052,0
4053,0
4054,0
4055,0
4056,1
4058,0
4059,0
4060,0
4061,0
4062,0
4063,0
4064,0
4065,1
4066,0
4067,0
4068,0
4069,1
4070,0
4071,0
4072,0
4073,1
4074,0
4075,0
4076,0
4077,1
4078,1
4079,0
4080,0
4081,0
4082,1
4083,0
4084,1
4085,0
4086,0
4087,0
4088,0
4089,0
4090,0
4091,1
4092,0
4093,0
4094,0
4095,0
4096,0
4097,1
4098,0
4099,0
4100,0
4101,0
4102,1
4103,0
4104,1
4105,0
4106,1
4107,1
4108,1
4109,0
4110,1
4112,1
4113,1
4114,0
4115,1
4116,0
4117,1
4118,0
4119,0
4120,0
4121,1
4122,0
4123,0
4124,1
4125,0
4126,0
4127,0
4129,1
4130,1
4131,1
4132,0
4133,1
4134,1
4135,0
4136,0
4137,1
4138,1
4139,0
4140,0
4141,0
4142,0
4143,0
4144,0
4145,0
4146,1
4147,0
4148,0
4149,0
4150,0
4151,0
4152,1
4153,1
4154,0
4155,1
4156,1
4157,0
4158,0
4159,0
4160,1
4161,0
4162,1
4163,1
4164,0
4165,1
4166,1
4167,0
4168,0
4169,1
4170,1
4171,0
4172,0
4173,0
4174,0
4175,0
4176,0
4177,0
4178,1
4179,0
4180,1
4181,0
4182,1
4183,1
4184,0
4185,0
4186,0
4187,1
4188,0
4189,0
4190,1
4191,1
4192,1
4193,0
4194,1
4195,0
4196,0
4197,1
4198,0
4199,1
4200,0
4201,1
4202,1
4204,0
4205,0
4206,1
4207,1
4208,0
4209,0
4210,0
4211,1
4212,0
4213,0
4214,1
4215,1
4216,0
4217,1
4218,0
4219,0
4220,1
4221,0
4222,1
4223,1
4224,1
4225,0
4226,0
4227,0
4228,1
4229,0
4230,0
4231,0
4232,0
4233,0
4234,1
4235,1
4236,1
4237,0
4238,0
4239,0
4240,1
4241,0
4242,0
4243,1
4244,0
4245,0
4246,0
4247,0
4248,0
4249,1
4250,0
4251,1
4252,0
4254,0
4255,0
4256,0
4257,1
4258,1
4259,0
4260,1
4261,1
4262,1
4264,0
4265,0
4266,1
4267,1
4268,0
4269,0
4270,0
4271,0
4272,1
4273,0
4274,1
4275,1
4277,1
4278,0
4279,0
4280,1
4281,1
4282,0
4283,0
4284,0
4285,0
4286,1
4287,0
4288,1
4289,0
4290,0
4291,1
4292,1
4293,1
4294,1
4295,1
4296,0
4297,1
4298,0
4299,1
4300,0
4301,1
4302,1
4303,1
4304,0
4305,1
4306,1
4307,0
4308,1
4309,0
4310,0
4311,0
4312,1
4313,0
4314,1
4315,0
4316,1
4317,0
4318,0
4319,1
4320,1
4321,1
4322,0
4323,1
4324,1
4325,0
4326,1
4327,0
4328,1
4329,0
4330,1
4331,0
4332,0
4333,0
4334,1
4335,1
4336,1
4337,0
4338,1
4339,0
4340,1
4341,0
4342,0
4343,0
4344,0
4345,0
4347,0
4348,0
4349,0
4351,1
4352,1
4353,1
4354,0
4355,0
4356,0
4357,0
4358,0
4359,0
4360,0
4361,0
4362,1
4363,0
4364,1
4365,0
4366,0
4367,1
4368,0
4369,0
4370,0
4371,0
4372,1
4373,0
4374,0
4375,1
4376,1
4377,0
4378,0
4379,0
4380,0
4381,0
4382,0
4383,0
4384,1
4385,0
4386,0
4387,1
4388,1
4389,1
4390,0
4391,1
4392,1
4393,0
4394,0
4395,0
4396,0
4397,0
4398,0
4400,0
4401,0
4402,0
4403,0
4404,0
4405,0
4406,1
4407,0
4408,0
4409,0
4410,1
4411,0
4412,1
4413,0
4414,0
4415,0
4416,1
4417,1
4418,0
4419,0
4420,0
4422,0
4423,0
4424,0
4425,0
4426,1
4427,1
4428,0
4429,0
4430,1
4431,1
4432,0
4433,1
4434,1
4435,0
4436,0
4437,1
4439,0
4440,1
4441,1
4442,1
4443,0
4444,1
4445,1
4447,0
4448,0
4449,0
4450,0
4451,0
4452,0
4453,1
4454,0
4455,1
4456,1
4457,0
4458,0
4459,1
4460,0
4461,0
4462,1
4463,0
4464,1
4465,0
4466,0
4467,1
4468,1
4469,0
4470,1
4471,0
4472,0
4473,1
4474,1
4475,0
4477,0
4478,0
4479,0
4480,0
4481,0
4482,1
4483,0
4484,0
4485,1
4486,1
4487,1
4488,0
4489,0
4490,0
4491,0
4492,0
4493,0
4494,1
4495,1
4496,0
4497,0
4498,0
4499,1
4500,0
4501,1
4502,0
4503,1
4504,1
4505,0
4506,0
4507,0
4508,1
4509,1
4510,1
4511,0
4512,1
4513,0
4514,0
4515,1
4516,0
4517,0
4518,0
4519,0
4520,0
4521,0
4522,0
4523,1
4524,1
4525,1
4526,1
4527,0
4528,0
4529,0
4530,0
4531,1
4532,0
4533,0
4534,0
4535,0
4536,0
4537,1
4538,0
4539,0
4540,1
4541,0
4542,0
4543,0
4544,1
4546,0
4547,0
4548,1
4550,1
4551,0
4552,0
4553,0
4554,0
4555,1
4556,0
4557,0
4558,0
4559,0
4560,0
4561,0
4562,0
4563,1
4564,1
4565,0
4566,1
4567,1
4569,1
4570,0
4571,0
4572,1
4573,1
4574,1
4575,0
4576,1
4577,0
4578,0
4579,1
4580,0
4581,0
4582,0
4583,0
4584,0
4585,1
4586,0
4587,0
4588,1
4589,1
4590,0
4591,0
4592,1
4593,0
4594,1
4595,0
4596,0
4597,0
4598,1
4599,0
4600,0
4601,1
4602,0
4603,0
4604,0
4605,0
4606,1
4607,0
4608,1
4609,0
4610,1
4611,0
4612,0
4613,1
4614,0
4615,0
4616,1
4617,0
4618,1
4619,0
4620,0
4621,0
4622,0
4623,1
4624,1
4625,0
4626,0
4627,0
4628,1
4629,0
4630,0
4631,0
4632,0
4633,1
4634,0
4635,0
4636,1
4637,0
4638,0
4639,0
4640,0
4641,0
4642,0
4643,1
4644,0
4645,1
4646,1
4647,0
4648,0
4649,1
4650,0
4651,0
4652,1
4653,0
4654,0
4655,0
4656,1
4657,1
4658,0
4659,0
4660,0
4661,1
4662,1
4663,0
4664,0
4665,0
4666,1
4667,1
4668,0
4669,0
4670,0
4671,1
4672,0
4673,0
4674,0
4675,0
4676,0
4677,0
4678,1
4679,1
4680,0
4681,1
4682,0
4683,1
4684,1
4685,1
4686,1
4687,0
4688,1
4689,0
4690,0
4691,0
4692,1
4693,1
4694,1
4695,1
4696,0
4697,1
4698,0
4699,1
4700,1
4701,0
4702,0
4703,0
4704,0
4705,0
4706,0
4707,0
4708,1
4709,0
4710,0
4711,0
4712,0
4713,0
4714,0
4715,1
4716,0
4717,1
4718,0
4719,1
4720,1
4721,1
4722,0
4723,0
4724,0
4725,0
4726,0
4727,0
4728,0
4729,0
4730,0
4731,0
4732,0
4733,0
4734,0
4735,1
4736,1
4737,0
4738,0
4739,0
4740,0
4741,1
4742,1
4743,1
4744,1
4745,1
4746,1
4747,1
4748,1
4749,0
4750,0
4751,0
4752,0
4753,1
4755,0
4756,1
4757,0
4758,0
4759,0
4760,1
4761,1
4762,1
4763,0
4764,0
4765,0
4766,1
4768,0
4769,1
4770,0
4771,0
4772,0
4773,1
4774,0
4775,0
4776,1
4778,1
4779,1
4780,1
4781,0
4782,0
4783,1
4784,0
4785,1
4786,0
4787,1
4788,1
4789,0
4790,0
4791,0
4792,0
4793,1
4794,0
4795,0
4796,1
4797,0
4798,0
4799,1
4800,1
4801,0
4802,0
4803,0
4804,1
4805,0
4806,1
4807,1
4808,0
4809,1
4810,0
4811,0
4812,1
4813,0
4814,1
4815,0
4816,0
4817,0
4818,0
4819,1
4820,1
4821,1
4822,1
4823,0
4824,0
4825,1
4826,1
4827,1
4828,1
4829,0
4830,0
4831,1
4832,1
4833,0
4834,0
4835,1
4836,1
4837,0
4838,0
4839,0
4840,0
4841,1
4842,1
4843,0
4844,0
4845,0
4846,0
4847,0
4848,0
4849,0
4850,0
4851,1
4852,1
4853,1
4854,0
4855,0
4856,0
4857,0
4858,0
4859,0
4860,1
4861,0
4862,1
4863,0
4864,1
4865,0
4866,0
4867,0
4868,1
4869,0
4870,0
4871,0
4872,0
4873,0
4874,0
4875,1
4876,0
4877,1
4878,0
4879,0
4880,0
4881,0
4882,0
4883,0
4884,0
4885,0
4886,0
4887,0
4888,0
4889,0
4890,1
4891,1
4892,0
4893,0
4894,0
4895,0
4896,0
4897,0
4898,0
4899,0
4900,0
4901,0
4902,0
4903,0
4904,0
4905,0
4906,1
4907,0
4908,0
4909,0
4910,0
4911,0
4913,0
4914,0
4915,1
4916,1
4917,0
4918,0
4919,0
4920,0
4922,0
4923,1
4924,1
4925,1
4926,0
4927,0
4928,0
4929,1
4930,0
4931,1
4932,1
4933,1
4934,0
4935,0
4936,0
4937,1
4938,1
4939,1
4940,0
4941,1
4942,0
4943,0
4944,0
4945,0
4946,1
4947,1
4948,0
4949,0
4950,0
4951,1
4952,1
4953,1
4954,0
4955,0
4956,0
4957,0
4958,1
4959,0
4960,0
4961,0
4962,0
4963,0
4964,0
4965,0
4966,0
4967,1
4968,0
4969,1
4970,0
4971,0
4972,1
4973,0
4974,0
4975,1
4976,0
4977,0
4978,0
4979,0
4980,0
4981,0
4982,0
4983,0
4984,0
4985,0
4986,0
4987,0
4988,1
4989,0
4990,0
4991,0
4992,0
4993,0
4994,0
4995,0
4996,0
4997,0
4998,0
4999,1
5000,0
